crim,zn,indus,chas,nox,rm,age,dis,rad,tax,ptratio,b,lstat,medv
,0.0,18.1,0.0,0.614,,,2.1007,,,20.2,349.48,24.91,12.0
0.62739,0.0,8.14,,,5.834,56.5,,4.0,307.0,,,8.47,19.9
,35.0,,,,,,6.6407,1.0,,,362.25,7.83,19.4
,0.0,,,0.614,6.103,85.1,2.0218,24.0,,20.2,2.52,23.29,13.4
,0.0,,0.0,,5.727,,3.7965,4.0,,,,11.28,18.2
,0.0,7.38,0.0,,6.431,,5.4159,,287.0,19.6,,,24.6
,0.0,,0.0,,,34.5,,,,20.2,396.9,8.01,21.1
0.02055,,,0.0,0.41,6.383,35.7,,,313.0,17.3,396.9,,24.7
15.1772,,18.1,,,6.152,100.0,1.9142,,,,9.32,,8.7
,0.0,18.1,,0.597,6.852,100.0,,,666.0,20.2,179.36,,27.5
0.03738,0.0,5.19,,0.515,,38.5,,5.0,224.0,20.2,389.4,6.75,20.7
0.06888,0.0,,0.0,0.488,6.144,62.2,2.5979,3.0,,,396.9,,36.2
0.41238,,,0.0,0.504,7.163,79.9,3.2157,,,,372.08,6.36,31.6
,0.0,,0.0,0.713,,95.0,2.2222,24.0,,20.2,,15.17,11.7
0.06588,0.0,2.46,,0.488,7.765,83.3,,3.0,193.0,17.8,,7.56,39.8
,0.0,8.14,,0.538,5.599,,4.4546,4.0,307.0,21.0,,16.51,13.9
0.17331,0.0,9.69,,,5.707,,2.3817,6.0,,,396.9,12.01,21.8
0.08244,,,0.0,0.428,,18.5,6.1899,,300.0,,379.41,,23.7
,,,,0.431,,,,7.0,,19.1,,12.5,17.6
,,5.86,,0.431,6.487,13.0,7.3967,7.0,330.0,19.1,396.28,5.9,24.4
73.5341,0.0,18.1,0.0,,5.957,,1.8026,,666.0,20.2,,,8.8
0.15098,0.0,,,,,82.6,2.7474,6.0,432.0,17.8,394.51,10.3,19.2
,,6.91,0.0,0.448,,,,3.0,,17.9,,5.81,25.3
0.35114,0.0,7.38,0.0,0.493,,,4.7211,5.0,,19.6,396.9,7.7,20.4
,85.0,4.15,,0.429,6.516,27.7,,4.0,,,392.43,,23.1
0.09103,0.0,,0.0,0.488,7.155,92.2,2.7006,,,17.8,394.12,4.82,37.9
,0.0,19.58,,0.871,,82.6,1.7455,5.0,403.0,,88.01,15.02,15.6
,20.0,3.33,,0.4429,7.82,,,,216.0,,387.31,3.76,45.4
0.38735,0.0,,0.0,0.581,5.613,95.6,,,188.0,19.1,359.29,,15.7
,0.0,3.24,0.0,0.46,,,,4.0,,16.9,,,22.6
1.35472,,8.14,,,6.072,100.0,,4.0,307.0,21.0,,13.04,14.5
,0.0,,,,6.092,95.4,2.548,,432.0,,396.9,,18.7
,,,0.0,,5.186,,1.5296,,403.0,14.7,,28.32,17.8
6.44405,,18.1,,0.584,6.425,,,24.0,,20.2,97.95,12.03,16.1
0.03306,,5.19,0.0,0.515,6.059,,,,,20.2,,,20.6
,,1.32,,0.411,6.816,,8.3248,,,15.1,392.9,,31.6
0.01439,,2.93,0.0,,,18.8,6.2196,1.0,,,,,29.1
,0.0,8.14,,,5.924,94.1,,4.0,,21.0,394.33,,15.6
0.7842,,,,0.538,5.99,,4.2579,4.0,307.0,21.0,386.75,,17.5
,,,0.0,0.4,6.345,,7.8278,,358.0,14.8,368.24,,22.5
0.04379,80.0,,,0.398,5.787,31.1,,4.0,337.0,,396.9,10.24,19.4
0.37578,,10.59,1.0,,5.404,88.6,3.665,,,,395.24,23.98,19.3
,0.0,,,0.693,5.531,,1.6074,,,,329.46,27.38,8.5
,28.0,15.04,,0.464,,77.3,3.615,,,,,10.59,20.6
,,19.58,1.0,0.871,6.129,,1.7494,,,14.7,321.02,15.12,17.0
,0.0,,0.0,,6.406,,,24.0,666.0,,,19.52,17.1
,0.0,8.14,0.0,,,100.0,4.0952,4.0,,21.0,394.54,19.88,14.5
0.52693,0.0,,0.0,,,83.0,,8.0,,,382.0,,50.0
,0.0,18.1,0.0,,6.436,87.9,2.3158,,666.0,20.2,100.19,16.22,14.3
,,18.1,0.0,0.74,,96.6,2.198,24.0,666.0,,,16.44,12.6
0.02985,0.0,,,0.458,6.43,,6.0622,3.0,,,394.12,5.21,28.7
0.13158,,,,0.547,,72.5,2.7301,,432.0,,,12.04,21.2
,0.0,6.91,,0.448,5.682,33.8,5.1004,,,,396.9,10.21,19.3
,0.0,,,0.538,,29.3,4.4986,,307.0,21.0,386.85,,23.1
15.5757,,18.1,0.0,0.58,5.926,71.0,2.9084,24.0,666.0,20.2,368.74,,19.1
4.54192,0.0,18.1,0.0,0.77,,,2.5182,,666.0,,,,25.0
,0.0,2.18,0.0,0.458,,45.8,,3.0,,18.7,394.63,,33.4
67.9208,,18.1,0.0,0.693,5.683,,1.4254,,666.0,20.2,384.97,22.98,5.0
0.06047,,2.46,0.0,0.488,6.153,68.8,3.2797,3.0,193.0,17.8,,13.15,29.6
0.14932,,5.13,0.0,0.453,5.741,,,8.0,,19.7,,,18.7
,,,,0.52,6.195,54.4,,5.0,384.0,20.9,393.49,,21.7
0.18159,,7.38,,,6.376,54.3,4.5404,,,,,,23.1
0.76162,20.0,,,0.647,,,1.9865,5.0,264.0,13.0,392.4,,22.8
1.00245,0.0,8.14,0.0,,6.674,87.3,,4.0,307.0,21.0,380.23,,21.0
0.52014,,,0.0,,,91.5,,5.0,264.0,13.0,386.86,5.91,48.8
10.233,0.0,18.1,0.0,0.614,6.185,,2.1705,,,20.2,379.7,18.03,14.6
0.67191,0.0,8.14,,0.538,,90.3,,,,21.0,376.88,14.81,16.6
0.14455,12.5,7.87,,0.524,,96.1,,5.0,311.0,,396.9,,27.1
0.11132,,27.74,,,,,2.1099,4.0,711.0,20.1,396.9,13.35,20.1
0.12802,,8.56,,0.52,,97.1,,5.0,384.0,20.9,395.24,,19.8
0.08014,,5.96,0.0,,5.85,,3.9342,5.0,279.0,19.2,,8.77,21.0
,,19.58,0.0,0.605,6.943,,1.8773,5.0,403.0,,363.43,,41.3
3.56868,0.0,18.1,,0.58,6.437,75.0,,24.0,666.0,,393.37,14.36,23.2
,0.0,,0.0,,,73.1,2.4775,6.0,432.0,17.8,338.63,,20.4
,,10.01,0.0,0.547,,,2.2565,6.0,432.0,17.8,388.74,10.45,18.5
0.06664,0.0,,,0.51,6.546,,3.1323,,,16.6,,5.33,29.4
,45.0,3.44,,,7.178,,,5.0,,15.2,,2.87,36.4
,,6.96,0.0,,,58.7,3.9175,,,,,7.73,24.4
,,19.58,,,,,1.3459,,,,,29.29,11.8
,0.0,18.1,,,4.906,100.0,1.1742,24.0,,,,,13.8
7.99248,,,0.0,0.7,5.52,,1.5331,24.0,666.0,20.2,,24.56,12.3
,0.0,18.1,1.0,0.77,,,,24.0,666.0,,377.73,,17.8
,,,,,6.826,27.6,,,,17.6,393.45,4.16,33.1
0.35809,,,1.0,0.507,,,,8.0,307.0,17.4,391.7,9.71,26.7
6.71772,0.0,18.1,0.0,0.713,,92.6,,,,,0.32,17.44,13.4
,,21.89,,0.624,,,1.4394,4.0,437.0,,396.9,34.41,14.4
,0.0,18.1,,0.631,6.683,96.8,1.3567,24.0,666.0,20.2,,3.73,50.0
0.05789,,,0.0,0.409,5.878,21.4,6.498,4.0,345.0,,,,22.0
3.83684,0.0,18.1,,0.77,6.251,,2.2955,24.0,666.0,,,,19.9
,0.0,19.58,,0.605,6.319,96.1,2.1,,,,297.09,11.1,23.8
0.17783,,,0.0,0.585,5.569,73.5,2.3999,6.0,,19.2,,,17.5
13.3598,0.0,18.1,0.0,0.693,5.887,,1.7821,24.0,666.0,20.2,396.9,16.35,12.7
,0.0,18.1,0.0,0.693,5.987,,,24.0,666.0,,,26.77,5.6
0.02187,60.0,2.93,0.0,,,,6.2196,1.0,265.0,15.6,393.37,5.03,31.1
,22.0,5.86,,0.431,6.718,,7.8265,,330.0,,,6.56,26.2
0.26363,,8.56,0.0,,,91.2,2.5451,,,20.9,391.23,15.55,19.4
,0.0,18.1,0.0,0.718,,,1.8589,,666.0,,,15.02,16.7
,0.0,,,0.871,,,1.4191,,403.0,,,,13.8
0.04203,,,0.0,,6.442,,,4.0,270.0,18.2,395.01,8.16,22.9
1.12658,0.0,19.58,,,,,1.6102,,,14.7,343.28,12.12,15.3
0.62356,0.0,6.2,,0.507,6.879,,3.2721,,,,,9.93,27.5
,,2.18,,,7.236,41.1,,7.0,222.0,,393.68,6.93,36.1
,,4.86,0.0,0.426,6.167,46.7,,,281.0,,,7.51,22.9
0.16439,22.0,5.86,,,,,7.8265,7.0,,,,,24.5
,0.0,19.58,0.0,,,93.0,,5.0,403.0,,,9.81,25.0
1.51902,0.0,19.58,1.0,,8.375,93.9,2.162,5.0,403.0,14.7,,,50.0
0.0315,95.0,1.47,0.0,,,15.3,7.6534,3.0,402.0,17.0,396.9,,34.9
0.46296,0.0,6.2,0.0,0.504,,76.9,3.6715,8.0,,17.4,,,31.7
0.07896,0.0,12.83,0.0,0.437,,,4.2515,,398.0,,394.92,6.78,24.1
0.79041,,9.9,,,6.122,,2.6403,4.0,304.0,18.4,,5.98,22.1
,0.0,,,0.713,,,2.4358,24.0,666.0,20.2,50.92,,14.1
0.36894,22.0,5.86,0.0,,,8.4,8.9067,7.0,,,396.9,3.54,42.8
0.14476,0.0,10.01,,0.547,5.731,65.2,2.7592,6.0,,17.8,391.5,,19.3
0.00906,90.0,,,0.4,7.088,20.8,,,285.0,15.3,394.72,7.85,32.2
0.09266,,6.09,0.0,0.433,,,5.4917,7.0,329.0,16.1,,,26.4
2.81838,0.0,18.1,,0.532,5.762,,,24.0,666.0,20.2,392.92,,21.8
3.8497,,18.1,1.0,0.77,,,2.5052,24.0,,20.2,391.34,13.27,21.7
,0.0,,,0.693,5.349,96.0,,24.0,666.0,,396.9,19.77,8.3
,0.0,,0.0,0.504,,,3.3751,,307.0,,377.51,3.92,46.7
0.53412,,,0.0,0.647,7.52,89.4,,5.0,264.0,,388.37,7.26,43.1
0.51183,0.0,6.2,,,,,,,307.0,,,4.73,31.5
,,18.1,0.0,0.7,,100.0,1.4672,,666.0,20.2,396.9,,10.5
,,,0.0,0.614,6.484,93.6,2.3053,24.0,,20.2,396.21,18.68,16.7
0.09744,0.0,5.96,,0.499,5.841,,3.3779,,279.0,19.2,377.56,,20.0
0.04011,,1.52,,0.404,7.287,,,,329.0,,396.9,4.08,33.3
0.54452,0.0,21.89,,0.624,,,1.6687,,437.0,,396.9,,17.8
4.89822,0.0,,0.0,,,,,24.0,,20.2,375.52,3.26,50.0
0.19657,22.0,5.86,,0.431,6.226,79.2,,,330.0,19.1,376.14,10.15,20.5
0.03871,,5.32,0.0,0.405,,,7.3172,6.0,,16.6,396.9,,23.2
,0.0,,0.0,0.671,6.38,,1.3861,,,20.2,396.9,,13.1
,25.0,5.13,,,5.927,,6.932,8.0,284.0,,396.9,,19.6
,0.0,10.01,,0.547,6.715,81.6,2.6775,6.0,432.0,,395.59,10.16,22.8
0.05302,0.0,3.41,0.0,0.489,7.079,,3.4145,2.0,270.0,17.8,,,28.7
,,3.97,0.0,,7.014,84.6,2.1329,,264.0,13.0,384.07,14.79,30.7
0.08829,,7.87,0.0,,,66.6,5.5605,,311.0,15.2,,,22.9
,0.0,,1.0,0.718,,82.9,1.9047,24.0,666.0,,,5.29,21.9
,,,,,,,2.1675,,,,,,23.9
0.01301,35.0,1.52,0.0,,,49.3,,1.0,284.0,15.5,394.74,,32.7
1.34284,,19.58,0.0,0.605,6.066,100.0,,5.0,403.0,,353.89,,24.3
,0.0,19.58,0.0,,6.122,,1.618,,403.0,,,,21.5
,,4.05,0.0,0.51,6.315,73.4,3.3175,5.0,296.0,16.6,395.6,6.29,24.6
7.67202,0.0,18.1,0.0,0.693,5.747,98.9,1.6334,24.0,666.0,20.2,393.1,19.92,8.5
0.08308,0.0,2.46,0.0,0.488,5.604,,,,,,,13.98,26.4
0.40202,0.0,9.9,0.0,,,,3.5325,,304.0,,395.21,,23.1
0.22489,,,0.0,0.524,,94.3,,,,15.2,392.52,,15.0
,,18.1,0.0,0.7,4.368,91.2,1.4395,,,20.2,,30.63,8.8
0.21161,,,,,6.137,87.4,2.7147,5.0,384.0,20.9,,13.44,19.3
0.04462,,,0.0,0.426,,70.4,5.4007,,281.0,,,7.22,23.9
0.17505,,5.96,0.0,0.499,5.966,,3.8473,5.0,,19.2,,10.13,24.7
0.24522,,9.9,0.0,0.544,5.782,71.7,,4.0,304.0,18.4,396.9,,19.8
1.80028,,19.58,0.0,,,79.2,2.4259,,403.0,,227.61,12.14,23.8
6.39312,,18.1,,0.584,6.162,97.4,2.206,24.0,666.0,20.2,302.76,24.1,13.3
0.05561,70.0,2.24,0.0,,,,7.8278,5.0,358.0,,,4.74,29.0
0.05372,,13.92,0.0,0.437,,,,4.0,,,,7.39,27.1
,,1.52,,,,38.3,,2.0,,,392.2,,34.6
,0.0,18.1,0.0,0.671,6.794,98.8,,24.0,666.0,,396.9,21.24,13.3
,0.0,,0.0,,5.628,,1.5166,5.0,,14.7,169.27,16.65,15.6
,0.0,18.1,,0.693,6.405,96.0,1.6768,24.0,,20.2,,19.37,12.5
,,,,0.871,4.926,95.7,1.4608,,403.0,,,29.53,14.6
7.36711,,18.1,0.0,0.679,,,1.9356,,,20.2,96.73,21.52,11.0
,52.5,5.32,,0.405,,,7.3172,,,16.6,371.72,,24.8
0.15038,,25.65,0.0,0.581,,,1.9444,,,19.1,370.31,25.41,17.3
0.20746,0.0,27.74,0.0,,,98.0,1.8226,,,20.1,,,8.1
,0.0,2.89,0.0,0.445,,,3.4952,2.0,276.0,,,11.34,21.4
4.0974,0.0,,0.0,0.871,,,1.4118,5.0,,14.7,,26.42,15.6
0.09252,30.0,4.93,0.0,0.428,6.606,42.2,,,,16.6,383.78,7.37,23.3
,40.0,,,0.447,6.854,42.8,4.2673,4.0,254.0,,396.9,2.98,32.0
0.12083,,2.89,0.0,0.445,8.069,76.0,3.4952,,276.0,,,4.21,38.7
0.01709,,2.02,0.0,,,36.1,,5.0,,17.0,384.46,4.5,30.1
0.09299,,25.65,0.0,,,92.9,2.0869,2.0,,19.1,,,20.5
,0.0,,0.0,,,95.6,2.847,,,17.8,396.9,5.68,32.5
0.02177,,2.03,0.0,0.415,7.61,15.7,,,348.0,14.7,,3.11,42.3
0.33983,,,0.0,,6.108,,8.0555,7.0,,19.1,390.18,9.16,24.3
2.37857,0.0,18.1,,0.583,5.871,,3.724,24.0,,20.2,370.73,,20.6
,34.0,6.09,0.0,0.433,6.59,,,7.0,,,395.75,9.5,22.0
,,1.91,0.0,,,,,,334.0,22.0,,8.05,18.2
,0.0,,,,5.757,,1.413,,666.0,,2.6,10.11,15.0
9.91655,,,0.0,,5.852,77.8,,24.0,666.0,20.2,,29.97,6.3
0.01965,80.0,1.76,0.0,,6.23,31.5,9.0892,1.0,241.0,18.2,341.6,,20.1
0.16902,0.0,,0.0,,5.986,,,2.0,188.0,,385.02,14.81,21.4
0.05479,33.0,,0.0,0.472,6.616,58.1,,7.0,,18.4,,,28.4
0.6147,,6.2,0.0,0.507,,80.8,3.2721,8.0,307.0,17.4,396.9,7.6,30.1
12.0482,,18.1,0.0,,,87.6,1.9512,,666.0,20.2,,14.1,20.8
0.11425,0.0,,1.0,,,92.4,3.3633,5.0,276.0,16.4,393.74,10.5,23.0
0.88125,0.0,21.89,,,5.637,94.7,,4.0,,21.2,396.9,,14.3
8.79212,0.0,,0.0,0.584,5.565,70.6,2.0635,24.0,666.0,20.2,3.65,17.16,11.7
,,,0.0,,7.148,27.7,,4.0,245.0,19.2,396.9,3.56,37.3
0.05023,35.0,6.06,0.0,,5.706,28.4,6.6407,,304.0,16.9,394.02,12.43,17.1
88.9762,0.0,18.1,,0.671,6.968,,,,666.0,20.2,,17.21,10.4
5.82401,0.0,18.1,,,6.242,64.7,3.4242,,,,396.9,10.74,23.0
5.20177,,,1.0,0.77,6.127,,2.7227,24.0,666.0,,395.43,,22.7
0.14103,0.0,13.92,0.0,,,58.0,6.32,4.0,289.0,,,,20.3
,0.0,13.92,0.0,0.437,6.009,42.3,5.5027,4.0,,16.0,,10.4,21.7
6.53876,,,1.0,0.631,7.016,,1.2024,24.0,666.0,20.2,392.05,,50.0
13.6781,,,0.0,,,,1.8206,24.0,666.0,,,34.02,8.4
0.12329,0.0,10.01,,0.547,5.913,92.9,2.3534,6.0,432.0,,394.95,,18.8
0.0578,0.0,,0.0,0.488,6.98,58.4,,3.0,193.0,17.8,396.9,5.04,37.2
2.63548,,9.9,0.0,0.544,,37.8,,4.0,304.0,,,,16.1
0.02498,0.0,1.89,0.0,,6.54,59.7,,1.0,422.0,,389.96,,16.5
,,,0.0,,6.316,38.1,6.4584,5.0,224.0,20.2,389.71,,22.2
,0.0,,0.0,0.583,,53.2,,,666.0,,,11.45,20.6
8.20058,0.0,18.1,0.0,0.713,5.936,80.3,2.7792,,666.0,20.2,,,13.5
,0.0,6.2,0.0,,8.247,70.4,,,,17.4,,,48.3
0.3692,,9.9,0.0,,6.567,87.3,,4.0,304.0,,,,23.8
2.24236,,,,,5.854,,2.422,5.0,403.0,,395.11,11.64,22.7
0.32264,0.0,21.89,0.0,,5.942,,1.9669,,437.0,21.2,,,17.4
0.04666,,,,,7.107,36.6,7.309,,,12.6,354.31,,30.3
0.66351,20.0,,0.0,0.647,7.333,,1.8946,5.0,,13.0,383.29,,36.0
,,,0.0,,,73.3,3.8384,8.0,,,385.91,,41.7
0.17134,0.0,10.01,0.0,,5.928,88.2,,6.0,,17.8,,15.76,18.3
0.06899,0.0,25.65,,0.581,5.87,69.7,2.2577,2.0,188.0,,,,22.0
0.07244,,1.69,,0.411,,,10.7103,,,,392.33,7.79,18.6
0.31533,0.0,6.2,,0.504,8.266,,2.8944,,307.0,17.4,,4.14,44.8
20.7162,,,0.0,0.659,4.138,100.0,,24.0,,20.2,,,11.9
0.06151,0.0,5.19,,,5.968,58.5,,,,20.2,396.9,,18.7
0.25915,0.0,,0.0,0.624,5.693,,1.7883,,,21.2,,17.19,16.2
0.01096,55.0,2.25,,0.389,,,,1.0,300.0,15.3,394.72,8.23,22.0
18.0846,0.0,18.1,,,6.434,100.0,,24.0,666.0,,27.25,,7.2
,0.0,8.56,0.0,0.52,6.127,85.2,,5.0,384.0,20.9,,,20.4
,0.0,18.1,0.0,,4.138,100.0,,,666.0,20.2,396.9,37.97,13.8
,0.0,,,0.713,,98.3,,24.0,,,304.21,19.31,13.0
0.32982,0.0,21.89,0.0,0.624,,95.4,2.4699,,437.0,,388.69,,18.4
13.5222,0.0,,0.0,0.631,,100.0,1.5106,24.0,,20.2,,,23.1
,0.0,,0.0,,,40.0,,3.0,233.0,17.9,389.39,9.55,21.2
,0.0,9.69,0.0,,,,2.7986,,391.0,,393.29,17.6,23.1
0.03584,80.0,3.37,0.0,0.398,,17.8,6.6115,4.0,,,,4.67,23.5
,90.0,,1.0,0.401,7.923,,5.885,1.0,198.0,13.6,,3.16,50.0
0.05735,,4.49,0.0,,6.63,56.1,4.4377,3.0,247.0,18.5,,6.53,26.6
0.1029,30.0,,,0.428,,,7.0355,6.0,300.0,16.6,372.75,11.22,22.2
,,,,0.488,7.831,53.6,,3.0,193.0,17.8,392.63,4.45,50.0
,,18.1,,,,,1.9096,,666.0,20.2,,24.39,8.3
,,19.58,,,6.51,100.0,1.7659,5.0,403.0,,,,23.3
,12.5,,,,5.889,,,5.0,,,390.5,,21.7
0.06417,,,0.0,0.499,,68.2,,,279.0,19.2,,,18.9
0.77299,0.0,,0.0,0.538,6.495,,,4.0,307.0,21.0,,,18.4
1.20742,0.0,19.58,,0.605,5.875,94.6,,5.0,,14.7,292.29,14.43,17.4
3.32105,0.0,19.58,1.0,,5.403,,1.3216,,403.0,14.7,,26.82,13.4
,,,,0.693,6.404,100.0,,,666.0,20.2,,20.31,12.1
,,,0.0,0.429,6.939,34.5,8.7921,1.0,,,,,26.6
0.40771,,,1.0,,6.164,,3.048,,307.0,17.4,395.24,21.46,21.7
,,,,,,57.8,3.4952,2.0,,,357.98,,28.4
0.04337,21.0,5.64,0.0,0.439,,63.0,,,243.0,,393.97,9.43,20.5
,30.0,4.93,,0.428,6.897,,6.3361,6.0,300.0,16.6,391.25,,22.0
15.288,,18.1,0.0,0.671,6.649,,1.3449,,,20.2,,23.24,13.9
9.18702,,18.1,0.0,,,,1.5804,,666.0,,396.9,,11.3
0.06642,,4.05,0.0,0.51,,74.4,2.9153,5.0,296.0,16.6,,6.92,29.9
,0.0,,0.0,0.448,,2.9,,3.0,233.0,17.9,,,26.6
22.0511,,,0.0,0.74,,,1.8662,24.0,666.0,20.2,391.45,,10.5
5.29305,0.0,18.1,0.0,,,82.5,,24.0,666.0,20.2,,18.76,23.2
0.22969,0.0,10.59,0.0,,6.326,52.5,4.3549,,277.0,18.6,,10.97,24.4
0.06129,,3.33,1.0,,7.645,49.7,,5.0,216.0,14.9,377.07,3.01,46.0
0.04819,,3.64,0.0,,6.108,32.0,,1.0,,16.4,,,21.9
,,,0.0,,,90.8,1.8195,24.0,,,21.57,,7.5
0.06905,0.0,,0.0,,7.147,,6.0622,3.0,222.0,,,5.33,36.2
0.01538,90.0,3.75,0.0,,7.454,34.2,6.3361,3.0,,,,3.11,44.0
8.24809,0.0,18.1,,0.713,,99.3,2.4527,,666.0,20.2,375.87,16.74,17.8
0.14866,0.0,8.56,0.0,0.52,6.727,,,,,20.9,,9.42,27.5
,,6.2,0.0,,8.04,86.5,3.2157,8.0,,17.4,,,37.6
,0.0,,,,6.833,94.3,,24.0,,20.2,,,14.1
0.14052,,10.59,0.0,0.489,,,3.9454,4.0,277.0,18.6,385.81,,28.1
12.2472,0.0,,,0.584,5.837,59.7,1.9976,,,,24.65,15.69,10.2
,,19.58,,,5.88,97.3,2.3887,5.0,403.0,,348.13,,19.1
,0.0,,,,7.82,36.9,3.4952,,,,,3.57,43.8
0.03615,80.0,4.95,0.0,0.411,6.63,,5.1167,,245.0,,396.9,4.7,27.9
,0.0,10.59,,,,,3.9454,,,18.6,393.63,,25.0
,25.0,,,0.453,5.966,93.4,,8.0,,,378.08,,16.0
,0.0,6.91,0.0,0.448,,,,,,17.9,392.74,18.8,16.6
1.38799,0.0,,0.0,0.538,5.95,,3.99,,307.0,,232.6,,13.2
0.57834,,3.97,0.0,0.575,8.297,67.0,,5.0,,,,7.44,50.0
0.24103,0.0,7.38,,0.493,6.083,43.7,,5.0,287.0,,396.9,12.79,22.2
,95.0,1.47,0.0,,7.135,,,,402.0,17.0,384.3,4.45,32.9
,,,,,6.655,98.2,2.3552,24.0,,,355.29,,15.2
0.95577,,8.14,0.0,,,,,,307.0,,306.38,17.28,14.8
8.64476,,18.1,,,,,1.7912,24.0,666.0,20.2,396.9,15.17,13.8
0.537,0.0,6.2,0.0,,5.981,,,8.0,307.0,17.4,,11.65,24.3
,20.0,,0.0,0.647,,,2.1121,,,13.0,392.8,9.59,33.8
0.0459,,5.32,0.0,,,45.6,7.3172,6.0,293.0,,396.9,7.6,22.3
,0.0,19.58,1.0,0.605,,,2.0407,5.0,403.0,,,1.92,50.0
9.33889,0.0,,,0.679,,95.6,1.9682,,,20.2,,,9.5
,,,,,5.857,98.2,1.6686,,,,,21.32,13.3
0.11027,25.0,,,0.453,,67.8,,,284.0,19.7,396.9,,22.2
,,,,,,,,4.0,,,394.67,16.96,18.1
,0.0,21.89,0.0,0.624,6.431,98.8,,4.0,,21.2,,,18.0
5.73116,,,,0.532,,77.0,3.4106,,666.0,20.2,395.28,7.01,25.0
0.21124,12.5,7.87,0.0,0.524,5.631,,,,,15.2,386.63,29.93,16.5
,0.0,,0.0,,,28.9,5.4159,,287.0,,396.9,,23.0
,,,0.0,0.58,,,,24.0,666.0,,396.9,14.76,20.1
0.01951,17.5,1.38,,,,59.5,9.2229,,,,,8.05,33.0
0.04417,,2.24,,,,47.4,,,358.0,,,6.07,24.8
,0.0,8.14,0.0,0.538,6.096,84.5,,4.0,,21.0,,,18.2
,0.0,,0.0,0.871,5.272,94.0,,,,14.7,88.63,16.14,13.1
0.03359,75.0,2.95,0.0,,,15.8,5.4011,3.0,,,,1.98,34.9
17.8667,0.0,,0.0,,,100.0,1.3861,24.0,,20.2,393.74,21.78,10.2
,0.0,18.1,,0.655,,48.2,,24.0,666.0,20.2,334.4,14.13,19.9
,0.0,,0.0,0.659,5.608,100.0,,24.0,666.0,20.2,,12.13,27.9
0.0456,0.0,13.89,,0.55,5.888,,,,276.0,16.4,392.8,,23.3
0.21038,,3.33,0.0,0.4429,,,4.1007,,216.0,14.9,396.9,,35.1
9.39063,,18.1,,,5.627,93.9,,,,,396.9,22.88,12.8
0.10959,,,0.0,0.573,6.794,,2.3889,1.0,273.0,21.0,393.45,6.48,22.0
0.03041,0.0,,0.0,,5.895,59.6,,,224.0,,,,18.5
,,6.2,1.0,0.507,,76.5,4.148,8.0,,,388.45,,25.1
0.25199,0.0,,,,,,,4.0,277.0,,389.43,18.06,22.5
0.21719,0.0,10.59,1.0,0.489,5.807,53.8,,4.0,277.0,,390.94,,22.4
0.12932,0.0,13.92,0.0,,,,,4.0,,16.0,396.9,,28.6
6.65492,,,,,6.317,83.0,,,666.0,20.2,396.9,,19.5
0.21409,,5.86,0.0,,6.438,8.9,,7.0,330.0,19.1,377.07,3.59,24.8
,0.0,9.69,0.0,0.585,5.926,42.6,2.3817,,391.0,,,13.59,24.5
7.83932,0.0,18.1,0.0,,,65.4,2.9634,24.0,666.0,20.2,396.9,13.22,21.4
0.1,,,,0.433,,17.7,5.4917,7.0,,16.1,390.43,4.86,33.1
,40.0,1.25,0.0,0.429,6.49,44.4,,,335.0,19.7,396.9,5.98,22.9
0.09065,,6.96,,0.464,5.92,61.5,3.9175,,223.0,18.6,391.34,13.65,20.7
,,2.03,,,6.162,38.4,,2.0,348.0,,,7.43,24.1
1.46336,0.0,19.58,,,7.489,,1.9709,,,14.7,374.43,1.73,50.0
,0.0,,0.0,0.448,,,,,233.0,17.9,394.46,7.44,24.7
0.07013,0.0,,0.0,0.55,,,,5.0,276.0,,392.78,9.69,28.7
,0.0,,,,6.343,100.0,,,,,396.9,20.32,7.2
,45.0,,0.0,0.437,,,,5.0,398.0,15.2,,5.1,37.0
0.3494,,,0.0,0.544,5.972,76.7,3.1025,4.0,304.0,18.4,,,20.3
,,,0.0,0.647,,100.0,,5.0,,13.0,391.93,,30.1
,,,0.0,,,96.7,,5.0,384.0,20.9,,,19.5
0.04981,,5.64,,0.439,,21.4,6.8147,,243.0,,396.9,,23.4
8.15174,0.0,18.1,,0.7,5.39,98.9,1.7281,24.0,666.0,20.2,,20.85,11.5
0.02731,,7.07,,0.469,6.421,,4.9671,,242.0,17.8,396.9,9.14,21.6
,0.0,18.1,0.0,,6.341,96.4,2.072,,666.0,,,17.79,14.9
0.15086,0.0,27.74,0.0,,5.454,92.7,,,711.0,20.1,395.09,18.06,15.2
0.21977,,,0.0,,5.602,62.0,6.0877,3.0,233.0,17.9,396.9,,19.4
,0.0,,,,6.824,76.5,,,666.0,20.2,48.45,22.74,8.4
0.04113,25.0,,0.0,,6.727,33.5,5.4007,4.0,281.0,19.0,,5.29,28.0
0.13642,0.0,10.59,,0.489,5.891,,,,277.0,,,,22.6
1.61282,0.0,8.14,0.0,,6.096,96.9,,4.0,,21.0,248.31,20.34,13.5
,0.0,18.1,,0.584,6.348,,,24.0,666.0,,,,14.5
0.82526,20.0,3.97,0.0,,7.327,94.5,,5.0,264.0,,,,31.0
,0.0,,0.0,0.679,6.202,,1.8629,24.0,666.0,20.2,18.82,,10.9
3.69695,0.0,18.1,,,,,1.7523,24.0,666.0,,316.03,14.0,21.9
,,,0.0,0.489,6.405,73.9,3.0921,,270.0,17.8,393.55,8.2,22.0
0.05497,,5.19,,,,45.4,4.8122,5.0,224.0,20.2,396.9,9.74,19.0
14.3337,0.0,18.1,,,6.229,88.0,1.9512,24.0,666.0,20.2,383.32,,21.4
0.0536,21.0,,,0.439,6.511,21.1,6.8147,4.0,,16.8,,5.28,25.0
0.03113,,,,,6.014,48.5,8.0136,3.0,352.0,18.8,385.64,10.53,17.5
,,3.97,0.0,0.647,7.206,91.6,1.9301,5.0,264.0,13.0,,,36.5
,,,,,6.095,65.1,,,,16.6,394.62,,20.1
0.62976,,8.14,0.0,,,,,,307.0,21.0,396.9,8.26,20.4
,0.0,,,0.544,,77.7,3.945,4.0,,18.4,396.42,,16.2
,0.0,3.41,,0.489,7.007,,3.4217,2.0,,17.8,,5.5,23.6
,0.0,,0.0,0.7,,89.5,1.5184,24.0,666.0,,396.9,31.99,7.4
,20.0,6.96,1.0,0.464,,,4.3665,,223.0,18.6,,,35.2
2.01019,0.0,19.58,,0.605,7.929,96.2,,5.0,403.0,,369.3,,50.0
,0.0,,,0.46,,,,4.0,,16.9,,,19.3
,0.0,,0.0,0.585,6.019,65.3,2.4091,6.0,,19.2,396.9,12.92,21.2
0.97617,0.0,21.89,0.0,0.624,5.757,,2.346,,437.0,21.2,262.76,17.31,15.6
,33.0,2.18,,,,71.9,3.0992,,,18.4,396.9,6.47,33.4
,0.0,18.1,0.0,0.583,6.114,,3.5459,,,20.2,,14.98,19.1
0.47547,0.0,,,0.544,6.113,58.8,4.0019,4.0,,18.4,,12.73,21.0
0.12757,30.0,4.93,0.0,0.428,6.393,7.8,7.0355,6.0,,,374.71,,23.7
0.0136,,,,,,,,3.0,,21.1,,,18.9
4.22239,,18.1,,0.77,5.803,,,,666.0,,,,16.8
0.08873,21.0,,,0.439,5.963,45.7,,4.0,243.0,,395.56,13.45,19.7
3.69311,0.0,18.1,,0.713,6.376,,,,,,391.43,14.65,17.7
0.08447,0.0,,0.0,0.51,5.859,,2.7019,,296.0,16.6,393.23,,22.6
,,18.1,0.0,0.74,,,,24.0,666.0,20.2,43.06,,11.8
0.0837,45.0,3.44,0.0,,,38.9,,5.0,398.0,,396.9,5.39,34.9
,0.0,,,,6.12,,2.2875,1.0,273.0,21.0,396.9,9.08,20.6
5.82115,0.0,,0.0,0.713,,89.9,2.8016,24.0,,20.2,,10.29,20.2
0.07875,,3.44,0.0,0.437,6.782,41.1,,,,15.2,393.87,6.68,32.0
2.44953,,,0.0,0.605,,95.2,,5.0,403.0,,,,22.3
,,5.13,0.0,,,,,8.0,284.0,19.7,,6.86,23.3
0.25387,0.0,,,0.448,,95.3,5.87,,,17.9,396.9,,14.4
0.03049,55.0,3.78,0.0,0.484,6.874,,,5.0,370.0,17.6,,4.61,31.2
,0.0,6.2,0.0,,,61.5,,8.0,,,376.75,,24.0
,,5.86,0.0,0.431,6.957,6.8,,,330.0,19.1,,,29.6
0.85204,,,0.0,0.538,5.965,89.2,,,307.0,,,13.83,19.6
,0.0,,,,,82.8,3.2628,4.0,,,,,21.6
6.80117,0.0,,0.0,0.713,6.081,84.4,2.7175,,666.0,20.2,,,20.0
,,,1.0,0.605,6.25,92.6,1.7984,,403.0,,338.92,5.5,27.0
,40.0,,1.0,,7.267,,4.7872,,,,,6.05,33.2
9.96654,0.0,,0.0,0.74,,100.0,1.9784,,666.0,20.2,,,15.4
,45.0,3.44,0.0,,6.739,30.8,6.4798,5.0,,,,,30.5
,,18.1,0.0,0.7,,,,24.0,,20.2,396.9,,7.2
0.08265,,13.92,,0.437,6.127,18.4,5.5027,4.0,,,396.9,8.58,23.9
,,18.1,0.0,0.597,5.155,100.0,1.5894,,666.0,20.2,210.97,20.08,16.3
0.02543,55.0,,0.0,,6.696,,,5.0,,,,,23.9
,20.0,,0.0,0.647,8.704,86.9,1.801,5.0,264.0,,389.7,5.12,50.0
0.49298,0.0,,,,6.635,82.5,,4.0,304.0,18.4,,,22.8
2.73397,0.0,,0.0,0.871,,,1.5257,5.0,403.0,,351.85,21.45,15.4
0.34006,0.0,,,0.624,6.458,,,4.0,437.0,21.2,395.04,12.6,19.2
,0.0,19.58,0.0,,5.404,,1.5916,,403.0,,341.6,13.28,19.6
,,,,0.77,,81.3,,24.0,666.0,20.2,390.74,12.67,22.6
0.0686,0.0,2.89,,,7.416,62.5,3.4952,,276.0,,396.9,,33.2
8.26725,,,,,5.875,,,24.0,,20.2,347.88,,50.0
0.07151,,4.49,0.0,,,,3.7476,3.0,247.0,18.5,395.15,8.44,22.2
7.75223,,18.1,0.0,,6.301,83.7,,24.0,666.0,20.2,272.21,,14.9
,,,,,,32.2,5.8736,4.0,430.0,,368.57,9.09,19.8
0.28955,0.0,10.59,,0.489,5.412,9.8,3.5875,4.0,,,,29.55,23.7
,0.0,18.1,0.0,0.655,5.952,84.7,2.8715,24.0,,20.2,22.01,17.15,19.0
0.07165,0.0,25.65,0.0,0.581,6.004,,2.1974,2.0,188.0,19.1,,14.27,20.3
0.04741,0.0,,0.0,0.573,6.03,80.8,2.505,,273.0,21.0,396.9,,11.9
1.25179,,,0.0,0.538,5.57,98.1,3.7979,4.0,307.0,21.0,376.57,21.02,13.6
0.12579,45.0,,0.0,0.437,,29.1,,,,,,4.56,29.8
0.15876,,,,0.413,,,,,,,,,21.7
,,8.56,0.0,0.52,,91.9,,5.0,,20.9,,,19.5
0.29916,20.0,,,0.464,,42.1,4.429,3.0,,18.6,,,21.1
0.01501,,,,0.435,6.635,29.7,8.344,4.0,,17.0,390.94,5.99,24.5
11.1604,0.0,18.1,,0.74,6.629,94.6,,24.0,,20.2,109.85,23.27,13.4
,0.0,,,0.52,,85.4,,,,,,,18.6
